	label	text
0	1	@sunilddesai @vinod_sharma Punjab & UP elections will be the true test of #Demonetisation. Nation will be cashless & BJP will be voteless!:)
1	1	@CorporateKity kind of yeah.. I flew to Kochi couple of days back (escape route).. literally walked to airport; thanks to #DeMonetisation :)
2	1	Breaking News: Finally @OfficeOfRG 'earthquake' infm on @narendramodi personal corruption is out :) @INCIndia #DeMonetisation pic.twitter.com/vzM0xhEoi5
3	1	Spelling of #Demonetization is wrong, Arvind Sir :P http://fb.me/8pagf5Qyh 
4	1	A sentence I never expected to see on @YourStoryCo :P- https://yourstory.com/2016/12/weed-grass-drug-bengaluru-digital-payments/ … #DeMonetisation #SmokeWeedEveryday #Stoners pic.twitter.com/SoWH8qpZ8h
5	1	Aftr #DeMonetisation Axis Bank converting Black 2 white & MANISHA LATH (Former Executive VC Axis Bank) Busy Raising fund for Farziwal :) pic.twitter.com/Lx51RESGbu
6	1	@philotweepic @RenukaJain6 Side effects of #DeMonetisation..!! :) :p
7	1	Our soapy PM turns a Liril girl now. Was modelling for Digi-धन not possible without #Demonetisation? You really want me to believe that :) pic.twitter.com/XFKY2wlHJy
8	1	Good Old Days :P http://buff.ly/2hV3gtR  #demonetization #india #inr #rupee #photography
9	1	Eagerly looking forward to @RealArnabG back on PrimeTime with #Republic. Its been a dull #DeMonetisation debate so far :)
10	1	#Demonetisation. :D This... pic.twitter.com/BTmeOL6OLo
11	1	This is how your black can be converted to white via Axis Bank :P #Demonetisation http://fb.me/3Jr7C23q2 
12	1	My tryst with the pen..err..I mean keyboard :) do read & share if you like it! truth behind #demonetization http://riturajgill.com/demonetization-surgical-strike-black-money …
13	1	pic.twitter.com/KPFQuw7mWF U S gives a big thums up 2 @narendramodi ji's #DeMonetisation drive :-)
14	1	love the way u took the country by storm with the #demonetisation move & hav my support 100% @narendramodi Srry for d late appreciation :p
15	1	#DeMonetisation effect :) https://twitter.com/AAPUttarPradesh/status/809388454807216129 …
16	1	@sarath_gud Hope you keep paying him via bank once #DeMonetisation is over :)
17	1	#DeMonetisation #CashCheats What a joke hahaha. I bet he can't speak the name of his state.. Mobile banking is too tough for him :-)https://twitter.com/timesnow/status/809431115274526720 …
18	1	Intention was good but how #demonetization execution turning out to be :D pic.twitter.com/tSUOKs5Uzs
19	1	Latest Song #MerabharatMahaan on #Modi Ji , #India, #BlackMoney , #Corruption , #Demonetization is here..:) :)... http://fb.me/7WwiwTitL 
20	1	अपना #BlackMoney #WhiteMoney में बदलने के लिए यह वीडियो जरुर देखे -: :D :D :D #BjpOnBlackMoney #Demonetisation http://fb.me/5FwDb1286 
21	1	నోట్ల రద్దు పై సి.యం కేసిఆర్ ఎమోషనల్ స్పీచ్ !! :) #KCR #CM #Speech #Demonetisation #Emotional http://fb.me/2ppyfzI21 
22	1	This movie was running successfully in UP till #DeMonetisation happened. Now no traces of it. :P https://www.youtube.com/watch?v=3TAaRkbEiUY …
23	1	#restaurants accepting cards are gradually topping my favourite #foodjoints list.. :P #demonetization #DemonetizationBenefitspic.twitter.com/BYEh33Ybaq
24	1	@ArvindKejriwal Bhai tu to computer ki baat mat kar , Jisko #demonetization ki spelling nahi aati ho woh computer kya jane :P
25	1	u think people are so agitated because of #demonetisation ? :))) https://twitter.com/UnSubtleDesi/status/810001282450616321 …
26	1	In the midst of #demonetisation & various other local chaos, I think twitter freedom campaign for #Balochistan takes a break ;) :D :P
27	1	Mr @narendramodi, I can understand the literacy level of #Bhakts but in 1978 another Gujarati PM did implement #DeMonetization rest is :) https://twitter.com/TimesNow/status/809687800060768256 …
28	1	Good thing about #DeMonetisation is that a lot many people are now suddenly concerned about the pain of the poor n the public as a whole. :)
29	1	#DeMonetisation has slowed hair growth !! :) https://twitter.com/Category5Moron/status/809954485640445953 …
30	1	Got 4k (using two ATM cards) within 5mins in Kanpur. No queues. Yahan paisa hi paisa hai. :P #demonetization
31	1	@Hindigeneous Reply is comming from Mars .. it will take time :) #DeMonetisation
32	1	after 70yrs of promoting losers, MSM journos want every potential loophole of #DeMonetisation fixed by Modi tomorrow :)
33	1	In Modi's India, ATMs are now sentient beings able to perceive sorrow :P #Demonetisation pic.twitter.com/YzpczoraTD
34	1	Amir khan welcomes #DeMonetisation .. Ahaa Dangal is coming :)
35	1	Swamy is thinking about Modi's #DeMonetisation joke on ppl ! :D https://twitter.com/KyaUkhaadLega/status/810484187102777344 …
36	1	#DeMonetisation over! lets talk #Remonetisation! :)
37	1	@PiyushGoyal If you don't declare your black money, we will declare you as a political party and you are exempt from Tax :) #demonetisation
38	1	Even Pappu(the other one) & eunuchs are supporting #DeMonetisation ye sab Kya ho raha hai @drajoykumar :)https://twitter.com/CNNnews18/status/810466576994598912 …
39	1	.@uchilpuneeta Yeah, really...he's kind of justifying #demonetisation for fulfilling his stamp collection hobby :) Aise hi kar leta..
40	1	Meanwhile; good effects of #DeMonetisation is, relatives and friends are contacting you for help. Cash @POS :) #Bastar
41	1	2000 से भी कम लोग आये हैं केजरीवाल की रैली में #Demonetization :P
42	1	#Demonetisation எல்லா கருப்பு பணமும் கணக்கில் வரும் - டேஷ்பக்த்ஸ். அரசியல் கட்சிகள் பணத்திற்கு கணக்கு காட்ட தேவையில்லை - மோடி :D
43	1	Hehe :P #Demonetization . Good Morning guys :) http://fb.me/4MDEgjqCD 
44	1	#DeMonetisation A good job by some Adnan guy Bro @Infinitchy , u got competition :)https://youtu.be/YsYxPau2Ymo 
45	1	@vivekbadkur3 But they won't say that because makes #DeMonetisation look bad :p
46	1	तेरे वादे पे जिये हम… तो ये प्लान झूठ जाना के क़तार सब लगाते … जो न इश्तेहार होता :D -सरफ़राज़ #DeMonetisation #5000limit #BlackMoney
47	1	I went to bathroom, then i got shocked #Modi ji changed #DeMonetisation rule for the 150th time :) buah haa haa .. #5000limit
48	1	@JhaSanjay Congis rarely get a chance to cheer these days, so we give it to you. BTW Pappu's balloon on #DeMonetisation already deflated :)
49	1	.@discopiggu wanna get married with @ArvindKejriwal ? Coz he explains #DeMonetisation very well :P
50	1	Raees movie inspired by #Demonetization -Baniye ka Dimaag aur Gujju bhai ki daring :p
51	1	@Reds_Voice :D disastrous #demonetization
52	1	Outside ATM , crowd mood Action & reaction #fits in fashion #Demonetisation :) :) :) pic.twitter.com/M1lv0T6hbR
53	1	Long ATM line? Laugh it out! :D http://bit.ly/2hR4E1z  @amitandon @AllIndiaBakchod @greencomedian @thevirdas @sawandutta #demonetization
54	1	Cost Cutting after #Demonetisation :) https://twitter.com/EconomicTimes/status/810839326745468929 …
55	1	#DeMonetization पैसे तो पहले भी नहीं होते थे जेब में..// लेकिन आज कल पैसे नहीं हैं कहने में शर्म नहीं आती..// :P #DeepRaaz_Deep
56	1	#DeMonetisation Still ......Missing in Action is the 500 new note ? Has anyone seen one. Last one i saw was in Nov-25 :P
57	1	haha...true. Moh, maya tyag do mitronnn :) #DeMonetisation https://twitter.com/Gayatri__J/status/810816971180605441 …
58	1	@narendramodi should take a note. who can have this info better than RaGa :) #DeMonetisation https://twitter.com/OfficeOfRG/status/810802966294720513 …
59	1	@dilipmandal @AmbedkarCaravan बहुत ख़ूब ! this is intelligent criticism without being personal & judgmental:) :) #DeMonetisation
60	1	Just found another atm, its canara bank sapru marg Lko, no person at all & i withdrew another 2k :) with another atm... #DeMonetisation
61	1	@SirJadeja is busy piling up big score. He will comment on @OfficeOfRG speech after he returns to the dressing room :) #DeMonetisation
62	1	@ANI_news yahi woh log hain jo Modi ji ke saath kandhe se kandha mila kar khade hain #DeMonetisation ke support mein :)
63	1	#DeMonetisation #atmwithcash #DemonetizationDisaster :Dpic.twitter.com/4PoDavmrOO
64	1	@rvaidya2000 Indian opposition parties successfully agitated & lobbied against #DeMonetisation in Venezuela forcing Maduro 2 postpone it :))
65	1	Arey o kanpur ke niwasi logo .. @narendramodi ke kaan ke niche bajao thik se .. Sare #DeMonetisation nikal jayega :)
66	1	#DeMonetisation 15.44 lakh crores n still counting .... modi ji is the best scorer of INDIA ..... :) ;)
67	1	#DeMonetisation Has quite an impact on Bhajiawala :p https://twitter.com/IndiaTodayFLASH/status/810743782207426561 …
68	1	Post #DeMonetisation , If anyone remotely suggest any entity as Corrupt in any public forum. Ensure you speak/write only on FIR cases :P
69	1	@anjanaomkashyap @CPDelhi busy busy busy!! #DeMonetisation :) Instead good quality food, Government school need educated teachers first!..
70	1	What is left to brief now :)) #DeMonetisation https://twitter.com/firstpost/status/810703701803466752 …
71	1	Why the hell are u targetting Urjit Patel? #Demonetisation. :)
72	1	Retweeted sumit kumar (@kumar_sumit): And the lady is killing it .... :) ha ha ha #DeMonetisation... http://fb.me/13kHMVkdE 
73	1	@ShashiTharoor @sayamkapila92 @YouTube at least u could have hastagged it just #Demonetization instead of #DemonetizationDisaster :)
74	1	Haha :) latest update on #DeMonetisation #Jaitley @FinMinIndia @narendramodihttps://twitter.com/fakingnews/status/811247296709095424 …
75	1	Frequency of Change in Govt decisions on #DeMonetisation are exponentially proportional to Change of dress by Modiji :P #पलटीमार_मोदी_सरकारpic.twitter.com/gOPaeD3JOx
76	1	@SirJadeja yeh rahe sabut fad ke fek diye :P #विपक्ष_का_पत्तासाफ #DeMonetisation pic.twitter.com/2FPPSEfmez
77	1	What should drunkards do faced with prohibition and also #DeMonetisation :)) https://twitter.com/BiharEtv/status/811263059687862274 …
78	1	@IndiaToday @rahulkanwal @meerasanyal Fallout or the benefit? Corrupt banking system being exposed is another positive of #DeMonetisation :)
79	1	deposit form, reason to deposit your own money in your own account if you were caught napping :-) #modinama #DeMonetisation #modicracypic.twitter.com/IFwMaGafAc
80	1	Our Weekend Trip to Periyar cost about Rs. 4200/- for two, which included a one night stay at Periyar #Demonetization #Travel Fun it Was :)https://twitter.com/vvrobin/status/811230501138743296 …
81	1	#DeMonetisation @ndtv @meerasanyal everyday new decisions ............really seems humorous now , the government's notifications :-)
82	1	#demonetisation is over, let's talk something else :)
83	1	This from @krishashok on #demonetization is bloody brilliant. Never ceases to amaze me with the numerous awesome things that he pulls off :) https://twitter.com/krishashok/status/800772435029069825 …
84	1	Next @RBI rule on #DeMonetisation could be, deposit 2500 Rs by left hand and the other 2500 Rs by right hand :P @narendramodi @arunjaitley
85	1	@sachin_rt Congratulations God.Even #TeamIndia doing exceptionally good post #DeMonetisation :)
86	1	#DeMonetisation எதுக்காக கொண்டு வந்தாங்கன்னு யாருக்காவது ஞாபகம் வந்தா சொல்லுங்க...first black money second terrorism then cashless.ect :)
87	1	My My! Even sitting BJP MPs speaking out against #DeMonetisation now! All well in BJP? :P
88	1	@ashuji_ @viveklkw #Demonetization = एक खतरनाक मोड़ : ) @narendramodihttps://twitter.com/viveklkw/status/575237073369624577 …
89	1	Working from ICICI Bank :P #Jio #DeMonetisation
90	1	बीजेपी हार जाती तो #DeMonetisation की वजह से.. जीत गई क्योंकि आप चुनाव में थी ही नहीं...:)))) #ItAlwaysMeansSohttps://twitter.com/yrdeshmukh/status/811122106012405761 …
91	1	मुद्दतों बाद वो मिली भी तो बैंक में; :) अब यारों तुम ही बताओ मोहब्बत करते कि नोट बदलते! :P #demonetisation
92	1	@SirJadeja someone please tell why AAP ( AAM GADHA PARTY ) has not participated in Election :) #DeMonetisation
93	1	Back from Union Bank @UnionBankTweets V.Ngr #Pune branch. Self Cheque withdrawl time less than 15 Min :) #DeMonetisation
94	1	#twitter asks me whats happening? #DeMonetisation is happening twitter -_- and, hence #life is not happening... being #broke with #money :)
95	1	#DeMonetisation is the 'IN' thing nowadays :P https://twitter.com/ANI_news/status/811075938326675456 …
96	1	@TimesNow Alleged Intellectuals& media will now find ways2explain this victory of @BJP4India & SAD as not a referendum on #DeMonetisation :)
97	1	#DeMonetisation DEMONETISATION= ESTIMATED ONION, anagrammatically....bahut rulaya :)
98	1	All we needed was 4000. :) #DeMonetisation https://twitter.com/timesofindia/status/811086510493532161 …
99	1	Something good coming out of #DeMonetisation!! Govt May Raise Income Tax Exemption Limit :) ... http://www.news18.com/news/business/post-demonetisation-govt-may-raise-income-tax-exemption-limit-1324957.html …
100	1	kya mast logo ko advance mein bta ke #DeMonetisation karte hain pak wale :D https://twitter.com/timesofindia/status/811076505379827712 …
101	1	https://twitter.com/ANI_news/status/811080859667177473 ….. #DeMonetisation Side Effect .. :) @TajinderBagga .
102	1	Can't believe this top read has come out of the Scroll stable. Who's India is it anyway :) #DeMonetisation http://ln.is/scroll.in/article/82/CfDeO …
103	1	Is This Good Past (Before 30.12.2016) #DeMonetisation And #5000limit ? Please RT For Better Results... :)
104	1	@kaul_vivek #DeMonetisation ke din, yaani paisa vasooli ke din :)
105	1	#Demonetization has brought the ration shop upon us once again. :D
106	1	Great News :) #DeMonetisation @PMOIndiahttp://www.livemint.com/Politics/p9VrQTy6jY4Cs4H6CqpbZO/Note-ban-breaks-the-backbone-of-Rs20-trillion-trafficking-in.html …
107	1	#DeMonetization effect, stood for 1 1/2 days to get 300s :-) , but it's worth it, proud of you my dear Karun Nair
108	1	@lakschumi I support #Demonetisation tag missing :)
109	1	IDEA!!!! We need an e-food appeveryone can install and grow e-crops and eat till they are e-stuffed. #DeMonetisation problem solved :)
110	1	ഇതിപ്പോ ഒരു മാസത്തിനും കൂടുതൽ ആയില്ലേ.ഇപ്പഴും ATM തോറും കേറി ഇറങ്ങുന്നു.എവിടെയും ഇല്ല ക്യാഷ്. #DeMonetisation #DigitalTransformation :p
111	1	@akshaymore, #Demonitization, #demonetization, #5000limit ,Wait & Watch my Friend! This Guy, Modi has no half measures-:) Indian Eco. soars!
112	1	#RBI Probably Changes Rules More Frequently Than You Visit The #ATM :)) about #DeMonetisation and its aftermath @business @BloombergQuinthttps://twitter.com/BloombergQuint/status/810960402498498560 …
113	1	#DeMonetisation, #Demonitization #cashchaos, #5000limit,TY PM for not listening to the Krugmans of the wrld who utterly failed us in 2008-:)
114	1	#DeMonetisation, #Demonitization #cashchaos,#5000limit,True, @narendramodi is no Santa! IF u believe xtian story, no one is Jesus either-:)
115	1	@pratik_shah Haha twitter is the only one allowed. Need it for #DeMonetisation news. :P
116	1	#DeMonetisation gives a priceless opportunity to start conversation with hot ladies in banks : tried it four times so far :-)
117	1	against my 2k note bcoz apparently he dint have #Paytm or #POS was a sight to remember :D 2/2 #DeMonetisation
118	1	Do you have a #cashless story to tell? Come share it with us :) #IamSAIL #DeMonetisation @ChBirenderSingh @SteelMinIndiahttps://twitter.com/SPrahladan/status/811604983166668801 …
119	1	Both witty n appropriate description of #DeMonetisation @talktosanjai :)https://twitter.com/talktosanjai/status/811584260482052096 …
120	1	@sardesairajdeep @IndiaToday ha ha ha ... dosent it sound like my baby just started walking, dnt laugh if he fall :-) #DeMonetisation
121	1	@RonBeaubien Ask people in #India after #DeMonetisation :) 
122	1	#Demonetization can't please everyone. Especially on twitter :)
123	1	Seems the government is following Agile development approach in #Demonetization but the output is worse than Waterfall approach :D
124	1	Wo log bahut khush kishmat the jo ishq ko kaaam samjhte the ... Humra kaam to ab note badalna ho gaya hai :p #FAIZ #DeMonetisation
125	1	Like Modi disappeared from newspaper front pages after #DeMonetisation :p https://twitter.com/sidagarwal/status/811548641944944640 …
126	1	Hey Bhagwan! #DeMonetisation :D :P https://twitter.com/MANJULtoons/status/811383188119519234 …
127	1	Sell this to Emperor as new spin for #DeMonetisation. He will definitely be impressed :P https://twitter.com/92165rahul/status/811542326350934016 …
128	1	@mohitbhardwaj23 @KirtiAzadMP @arunjaitley @sherryontopp @Swamy39 Excitement of #DeMonetisation success :D
129	1	Still 9 days left Sahab ji ...:) #DeMonetisation https://twitter.com/ahmedpatel/status/811471284890529792 …
130	1	#DeMonetisation too is a #surgicalstrike :-)https://twitter.com/captraman/status/811510134287405056 …
131	1	RBI has become the new Dolores Umbridge! Everyday a new decree! :D #HarryPotter #Demonetisation http://www.livemint.com/Politics/zBGiIMobqaBMv9cDC26MdI/Rs5000-cash-deposit-limit-removed-for-KYC-compliant-account.html …
132	1	this is d best one i have heard since #DeMonetisation .. Reserve bank of india becomes Reverse bank of India !! #demonetised :))
133	1	Black money holders (read common people), take note. Don't get confused, use your hands wisely. :D #DeMonetisation http://www.fakingnews.firstpost.com/india/first-2500-deposited-bank-left-hand-remaining-2500-right-hand-govt-new-5000-limit-rule-18682 …
134	1	The speed in which @RBI is giving out updates with @arunjaitley ji, they could fail @Android or @io9 for that matter ! :-) #DeMonetisation !
135	1	Govts should stop declaring villages cashless. No need. Villages r really going 'cashless' as villagers go jobless post #DeMonetisation :))
136	1	@jhtrivedi #demonetization, #narendramodi, #arvindkejriwal Tweet Type karu Usse Pahele @RBI Ya @arunjaitley Koi Naya Rule La dete he :)
137	1	About time bookies start accepting punts on the no of circulars that will be issued by RBI till this #DeMonetisation business is sorted :P
138	1	@sherineruth Yes due to the rush. Just like ATMs prior to #DeMonetisation no body even looked in their direction :-)
139	1	Before 8th Nov: Don't use phones at Petrol Pumps After 8th Nov: Pay at pumps using Paytm app on phone #Demonetisation is fire-proof?! :-)
140	1	@braja_sinha @IndiaToday Since the #Demonetisation IT department has seized Rs3185 crore. Most of them belongs to BJP :p
141	1	#Me (In Batman Tone): Tell Me, Do You Bleed? #Bhakts (In Vadivelu Tone): Nikkaama Poikitrukku! :D :P :D #Demonetization #TrueStory #RFpic.twitter.com/IasOnd7WoV
142	1	योजना आयोग के बाद मोदी जी ने नोटबंदी करके RBI का प्लास्टिक सर्जरी करके उसका 56 बना दिया :D #DeMonetisation pic.twitter.com/H51ahVoYvV
143	1	The limit will be removed, but where is the money in ATM's :) #DeMonetisation https://twitter.com/DeccanChronicle/status/811446962025152512 …
144	1	On your face , you Brits :) #brexit #DeMonetisation #IndiaDefeatsBlackMoney #proudtobeanindian #Manmohansinghhttp://timesofindia.indiatimes.com/india/for-the-first-time-in-nearly-150-years-indias-economy-surpasses-that-of-united-kingdom/articleshow/56064690.cms …
145	1	Post #DeMonetisation it's the bankers which are turning into villains than Govt/RBI :) https://twitter.com/invest_mutual/status/811411517820125184 …
146	1	@ZeeNews @girikesavan but it is a show of solidarity with the aam aadmi (party) affected by #DeMonetisation :( :)
147	1	Changes in policy post #DeMonetisation tells me GoI is closely monitoring situation & improving GudMorny @laluprasadrjd Ji :) @EconomicTimes
148	1	you can't question Modi abt #DeMonetisation but yes you can question Saif abt his newborn baby name :) #MeraDeshBadalRahaHai #BhaktLogic
149	1	Modi: Jaitley ne #DeMonetisation kiya, ek chata maarunga usse .. Jaitley : Woh kaunsi nayii baat hain mere liye :) https://twitter.com/varinder83brar/status/811255108801437697/photo/1pic.twitter.com/qnYb8vAGyo 
150	1	Some of these are not really ∗required∗ like a 3g connection but still :) #DeMonetisation @asmita @nixxin pic.twitter.com/hcGlsaLdm4
151	1	Perfect example of #Oosarvelli changing words depends on situation & looks like real politician :p #Demonetisation https://goo.gl/EIwNhB pic.twitter.com/93VrN7FA62
152	1	This looks beautiful :) @narendramodi #DeMonetisation pic.twitter.com/d2dk1v90H0
153	1	Koi lauta de mujhe beete huye din :)) pre #DeMonetisation days :))
154	1	Modi says they did not change a comma or fullstop. that's a 'questionMark' trying to be straight :) #Modi #demonetization #ModiGovt
155	1	Mom's Are Cute!!!....... My Mom still excited about Punching keys on ATM, #Modi #Demonetisation made her go #Cashless. :D
156	1	@chandru_ar This issue bigger than #DeMonetisation How can u not know this ?! :p
157	1	#DeMonetisation has only increased corruption many folds @PMOIndia CC @AamAadmiParty We will fix-it @AAPPunjab2017 #60DaysToGo :)https://twitter.com/timesofindia/status/811909504774193152 …
158	1	RBI ka rule and Bhakton ka Chutiyapa , kabhi kam nhi hoga :D #DearModi #ClickTapGo #DroomHistory #DeMonetisation #cashless
159	1	#DearModi is #MyDearestModi We Are All Screwed Now #DeMonetisation #MallyaAdaniAmbaniVadraSoniaISINawaaz :) CC @AamAadmiParty
160	1	Dewa ki adaalat 5 baje start hoti ...Dewa #DeMonetisation ka koi result suna do ab :D #DearModi #Varanasi
161	1	#DearModi rule pe rule rule pe rule , ye #DeMonetisation hai ya Sunny Deol ki film :D #Varanasi
162	1	जरूरी सूचना - मोदीजी का एक छोटा सा विरोध आपको पाकिस्तान का नागरिक बना सकता है। जन हित में जारी :D #DeMonetisation #demonitisationdisaster
163	1	#DeMonetisation Laluji calling PM: 'Twitter राजा' !!! That's the best line I've seen in feed :D
164	1	@dhaval241086 Probably #DeMonetisation effect :) @DilliDurAst
165	1	Economist @laluprasadrjd says economy shattered due to #DeMonetisation :))
166	1	First money withdrawal from ATM since first week of NOV. Never before felt so excited after withdrawing. :) #DeMonetisation pic.twitter.com/xaakJojbj0
167	1	Absolutely NO queues in private banks today, pre #Demonetisation level queues in SBI & other PSBs. The new normal of less cash is reality :)
168	1	I am not sure about #DeMonetisation but in such a rhetoric there is no one as good as him. I know this since over a decade now :). https://twitter.com/IndiaExplained/status/811819153711448064 …
169	1	@saikatd Haha #Udaya us not prime factor... #DeMonetisation is bigger factor since people deposited old notes to clear their dues :)
170	1	4 hours left ... vote now :) #poll #DeMonetisation https://twitter.com/calamur/status/811150535092879360 …
171	1	#demonetisation Fire under ass but, still acting normal. Lol If u knw what I mean :P
172	1	#DeMonetization Fearing defamation, BJP's learned @rsprasad has started using THEY instead of Congress & cites Rahul's Personal case. :)
173	1	Such humble rich #Indians :) Did #demonetization bring in such humility? https://twitter.com/pramit_b/status/811796087786745856 …
174	1	@pramit_b Guess Indians have become more humble post #demonetization :)
175	1	#DeMonetisation a #success largely!#Indians largely support it!pm #Modi should ensure a fair #Budget2017!#economy :)http://ln.is/scroll.in/article/82/4fOXm …
176	1	মনের কথা :P #ManKibaat #DeMonetisation #ichorepakapic.twitter.com/ovzSk0ZmgC
177	1	#NewsToday @sardesairajdeep has been bringing the right people @bibekdebroy on #Demonetisation & trust his fears have been assuaged :)
178	1	india might confound sceptics, yet again. #DeMonetisation wont be as catastrophic as feared, either on economy or on black money!:) https://twitter.com/somnath1978/status/812308556678512640 …
179	1	Scamming The Tourist Out of India Through #DeMonetisation :) pic.twitter.com/ARomG0Fs6k
180	1	The best entertaining movie of the year 2016 was #Demonetisation , great one! Directed by.... :)
181	1	@harsh8848 ha ha,to defend #demonetisation some people r trying to establish with fake figures demoneisation helping growth in business :))
182	1	Just saw this at #Ghaziabad Rly Stn :-) Common people like #MohammadAli are supporting #DeMonetisation, & thanking @PMOIndia @narendramodipic.twitter.com/D5mO2d9zX3
183	1	@imMAK02 @Shehla_Rashid Unable to make a bomb? Cannot buy the materials because of #DeMonetisation :-))
184	1	@rubiaabrar But do you know what the question was and how it is related to #DeMonetisation? Btw she's not a chamchi.. just following the protocol :)
185	1	@jamewils even if they want to So the next jhumla is #DeMonetisation is for upping Savings rate of Indians. You heard it here first :) 2/2
186	1	#AK_In_Rajasthan Waiting for video.Though by now we all know the contents of the speech by heart :-) #DeMonetisation #NPA #SaharaBirlahttps://twitter.com/AAPExpress/status/812220984237428737 …
187	1	:)> Nothing political: Bengali director is first to make movie on #demonetisation via @htTweetshttp://www.hindustantimes.com/kolkata/bengali-director-makes-film-on-demonetisation-drive/story-V5AgOHUPTpnF7xkDFGtZnI.html …
188	1	Abki baar moody Sarkar! :D #ReverseBankofIndia #ReverseRobinhood #DeMonetisation #currentmood #CashlessTransactions
189	1	First time waiting in front of an ATM after #DeMonetisation . just to feel the part :)
190	1	कैसे कैसे लोग है दुनिया में , जिनको मालूम ही नहीं नोटबंदी तो देशहित के लिए होती है :P ? #Demonetisation: “What... http://fb.me/4AJ7TOY5x 
191	1	If it's too early to judge impact, then wasn't it too early to heave praises on PM for #DeMonetisation move??? Double speak by Pai :) https://twitter.com/TVMohandasPai/status/811918540726931456 …
192	1	Situation not turning out good for #AmirKhan even after supporting PM's #demonetisation bhakts still , campaigning against #Dangal :)
193	1	Spent sleepless night after #DeMonetisation says @ncbn :)pic.twitter.com/0oqgdC7KYV
194	1	#DeMonetisation - Behind the scenes. :D https://twitter.com/TheUnRealTimes/status/812126687215251461 …
195	1	This calendar is a game changer. Surgical strike on everyone's eyes :p #demonetization https://twitter.com/MIB_India/status/811813728349876225 …
196	1	@valwagoner Step-function changes going on in #India post #demonetization - people earning $200/mo spending 30% digitally in month 1 :)
197	1	:D #SantaClaus #Santa #Modi #Demonitization #Money #AtulKhatri #NarendraModi #DhanKiBaat #DeMonetisation pic.twitter.com/jfdMBNOH6O
198	1	This is why we #Bhakts say #56InchROCKS :) #NaMoNamah Pune Metro Project #VikasPurush #PMModiInPune #DeMonetisation #पप्पू_पागल_हैpic.twitter.com/JvIPi5zpn6
199	1	Yo Corrupt... you have been warned! :) #NaMoNamah Pune Metro Project #VikasPurush #PMModiInPune #DeMonetisation #पप्पू_पागल_हैpic.twitter.com/xsBYfLiNh0
200	1	Actions of #CurrentPM arent very sober :P <Sigh> #DeMonetisation @IndiaSpeaksPR @coolfunnytshirt
201	1	The coundown begins #demonetisation :P
202	1	#demonetization hatsoff to the officials involved in cracking this operation :) Nation is proud of you :) https://twitter.com/EconomicTimes/status/812711947695030273 …
203	1	@bsindia But Modi Ji & company says that #demonetisation was 'top secret' and that even FM Jaitely was not aware! :) https://twitter.com/bsindia/status/812526868830138368 …
204	1	#MerryChristmas, India style :) #DeMonetisation https://twitter.com/vasudevan_k/status/812710580083519488 …
205	1	Thanks to #DeMonetisation Many Former @narendramodi Bhakts are singing this song :)https://youtu.be/E8gmARGvPlI 
206	1	Aakhri Baat Public hi bolte hai, bhakts nehi. #Oscar_should_get_Dangal :P #DeMonetisation tumhari aisi ki taisi.. All hail to @aamir_khanhttps://twitter.com/Bollyhungama/status/812199297521360897 …
207	1	Don't know if #DeMonetisation has destroyed counterfeiting,black money& terrorism. But it has shown real face of Indian banking system :) https://twitter.com/inquestioner/status/812213597224849409 …
208	1	#DeMonetisation se Kisi ka bhala ho na ho..News Channels ka year end jabardast bana Diya.. News k liye kahi Jana hi nahi pad raha.. :)
209	1	Some of them might just be true one day :) #demonetisation https://twitter.com/fakingnews/status/812613652893220864 …
210	1	@ModyUniversity #ChirstmasGiftGoesTo To my mom as due to #Demonetization she faces a lot of problems Mobile wallet ease her shopping :)
211	1	Effect of #demonetisation !! #Vendors on the roadside #street going #cashless :-) e-wallet… https://www.instagram.com/p/BOZHiKGBWWA/ 
212	1	Our PM Fighting #Corruption :) #DeMonetisation #DeMonetisationDisaster @Maddy_Saheb @Sahil_357 @naam_pk @OfficeOfArjunpic.twitter.com/EUimXbbNmO
213	1	I'm waiting #December 28 #Modi #DeMonetisation :) but #nochange all ppls waiting in bank entrance for taking own money
214	1	Makes a lot of sense to me.. we have witnessed this change in past. Indians indeed are most adaptable :) effect of #DeMonetisation ? https://twitter.com/rupasubramanya/status/812506188415832064 …
215	1	Axis Bank should introduce 'KYE' instead of 'KYC' norms. KYE= Know your Employee. :D :D #DeMonetisation #AxisBank
216	1	@yashukanpur @MrsGandhi यदि @aamir_khan #DeMonetisation का विरोध करते, तो क्या #दंगल सुपरहिट होती? :)
217	1	@narendramodi I support your stance on e-payments and #DeMonetisation . Thank you :)
218	1	Epic effect of #DeMonetisation #santaclaus in ATM line!! :)pic.twitter.com/lyYHvp3iLH
219	1	मैं समझ सकता हूँ। मुझ पीड़ा हो रही है आप विदेश भ्रमण नहीं कर पा रहे हो और #DeMonetisation के कारण आपको भी कैश की कमी हो गई है :p https://twitter.com/PMOIndia/status/812897769702576128 …
220	1	@ashishwheelster @EAFIFAMOBILE sahi bath , u can get a whole lot of stuff in 6.5k Rs.That too in #DeMonetisation here ,every Rs important :)
221	1	Merry Xmas from our desi santa! #DeMonetisation #cashless #xmas ! Santa please give me cash , no presents please :)pic.twitter.com/M0fCE8PcZT
222	1	@singh_dr #DeMonetisation effect :D
223	1	Meanwhile #santaclaus in #India :D #DeMonetisation #merrychristmaspic.twitter.com/HTTuwk6Goo
224	1	#Demonetisation problems. Dulhe ki saali version :D pic.twitter.com/lNDovffYXA
225	1	Hot single ATM's in your area but no money :) #Demonetisation
226	1	#Demonetisation.. An exercise in futility? p.s: I actually did all the math myself. :D :P http://www.sakaaltimes.com/NewsDetails.aspx?NewsId=5207443320053007777&SectionId=4861338933482912746&SectionName=Blog&NewsTitle=Reading%20between%20the%20lines%20in%20the%20times%20of%20demonetisation …pic.twitter.com/wEgIRUer1m
227	1	We wish you a Merry Christmas! :) #MerryChristmasEveryone #SeasonsGreetings #DeMonetisation #LiveLaughLovepic.twitter.com/ZfeKOZ0TeE
228	1	If I was his mother, for his sake, I would send him off on a long holiday, hide him from the world :-) #DeMonetisation #Nagasaki #Hiroshima
229	1	One of the biggest casualty of #DeMonetisation is death of words like Khokha and Peti. :-) Jan dhan
230	1	#DeMonetisation ...not a big problem...100 ka hi to use hota hai :P #MiddleClassIssues
231	1	To all my followers who praise #DeMonetisation, you guys are fools! :)
232	1	@msisodia Sir, It will take years RaGa 2 read full. 2day only he realized that #demonetisation corns will long last after 30 December :) https://twitter.com/msisodia/status/813361223391531011 …
233	1	#NoteBandi at its best :) .... #digitalpayments #DeMonetisation #swachhbharat #SwachhBharatAbhiyanpic.twitter.com/8IP4ZMMEiv
234	1	@iAnkurSingh obit Rs200? #Demonetisation has its effect. :)
235	1	Hahaha! A spoof on #demonetisation and his highness the PM along with 30 cows as Chorus. :D https://twitter.com/waz_tweets/status/807221939894972416 …
236	1	#Demonetisation #effects on #Christmas #celebrations :)pic.twitter.com/fRPVYxWOzm
237	1	#HeardOnStreet: #Dangal hits 100 Crs in three days... People had no money due to #DeMonetisation, else it could have hit 200 Crs :P
238	1	My 7 years old nephew on seeing queue for camel ride yeh to ATM jaisi line hai ~ this looks like an ATM queue!! :) #DeMonetisation
239	1	Post #DeMonetisation Buzz was Banks big beneficiary thats why closed Now 177-148 & 157-123 worth 25% buyback ,,:)) https://twitter.com/Nikstrade/status/799485811402141697 …
240	1	And I thought 'soldiers are dying' is the answer from the troll army for any questions put to the govt :p #demonetization https://twitter.com/drnarendranET/status/813276117641678848 …
241	1	I made 99% of transaction post #demonetization only in digital form ...hope to be one of Lucky Grahak of #Digidhan :-)https://twitter.com/NITIAayog/status/813255053058285568 …
242	1	Got my weekly 24 thousands from an old account... In and out of bank in 1 min 40 seconds :).#DeMonetisation
243	1	Means without #DeMonetisation tax base could not have been expanded? Trying to justify thru 1000 Ways :)) https://twitter.com/kiranks/status/813773216585895936 …
244	1	.@tragicosmicomic @ProsaicView Do read this then - to see which way the wind blows ::)) http://www.abplive.in/blog/after-demonetisation-will-it-be-lower-taxes … @amitabhk87 #DeMonetisation
245	1	Did u see this well made music video on #DeMonetisation ? Pls do watch the end without fail. :-)) #Tamil https://youtu.be/Jmp1nnRvxi0  @PMOIndia
246	1	Shit.!!! Steve Forbes is very Biased...#Demonetization :D http://fb.me/8kCaCqHMC 
247	1	The most disturbed nd perplexed politician after #DeMonetisation is @MamataOfficial ..Wonder Why ?! :D
248	1	@narendramodi wants us to go cashless, @sanjaysub wants us to go moneyless :) a repeat of super #demonetisation sang
249	1	In case you are wondering why your #Christmas gift has not arrived yet. #India #DeMonetisation #lol #santaclaus at #ATM :-)pic.twitter.com/4tXa33hcop
250	1	Must read take on #DeMonetisation. Warning: Contains myth busting math :) https://twitter.com/Mint_Opinion/status/813638977924177920 …
251	1	@timesofindia More @INCIndia @AITCofficial & other opp parties come2gather on #DeMonetisation #Share #Markets get a boost :)
252	1	Thank you Amir Khan (actor) for proving that all ill-effects of #demonetization are over :) (Y)
253	1	.@MamataOfficial says Parl. shd've been taken into confidence before announcing #DeMonetisation :)
254	1	If I had a Jan Dhan account with ₹99,99,99,394 in it, I'd wonder where the rest 606 went. But yes,Santa exists! :) #DeMonetisation
255	1	2016 had #brexit #TRUMP #Rio2016 #DeMonetisation hope 2017 brings more #joy #happysurprizes #love #PeaceOnEarth #prosperity for everyone :)
256	1	Fifth meeting of the western region council has commenced @FollowCII Effect of #DeMonetisation is of course the first discussion :) pic.twitter.com/fRywf6MtO7
257	1	another one for #demonetisation #valarchilapangedukuradhu :P P.S. no subtitles :|http://fb.me/8hubMb2JE 
258	1	Despite being millionaires, many i know in Delhi starved for food on 9th Nov, a day after #DeMonetisation was announced. - PC :)))))))))
259	1	#Demonetisation :) :) 'I promise to pay the bearer' will be changed to ' 'I promise to imprison the bearer for... http://fb.me/1EZhLKJDi 
260	1	Hope people who hv purchased Cars worth morethan 50lakhs aftr 8nov will not complain abt implementation n strategy of #DeMonetisation now :D
261	1	@RBI @timesofindia After #DeMonetisation, now RBI's new #Deputy #Governor goes Viral :P Congrats, Viral Acharya, new Deputy Governor of #RBIpic.twitter.com/mVKTlPYQjF
262	1	@RT_com Now-a-days everybody appears to be inspired by #DeMonetisation :)
263	1	#DeMonetisation First time I am seeing there is no people standing outside ATM despite of having money :) seems like achhe din :)
264	1	Today's episode of #TMKOC on @sabtv on #DeMonetisation :))
265	1	My car ran out of fuel just now. It's because of Modiji and #DeMonetisation I hate you :p
266	1	@indianexpress based on the money that came back in post #demonetisation, maybe @mvenkaiahnaidu should be admitting that :)
267	1	Summary Capital punishment ? :-) #Ordinance on demonetisation, to penalise men holding old notes. #DeMonetisation http://ln.is/mZ8hE 
268	1	@Babu_Bhaiyaa #DeMonetisation issue. :) They are tired of counting money now.
269	1	@RealHistoryPic IT dept. raids and found 72 @AamAadmiParty + @ndtv persons in pune. -) :-) #DeMonetisation https://twitter.com/HTMumbai/status/814045334116581376 …
270	1	Hope things would be good :) #DeMonetisation #effecthttps://twitter.com/kppvijay/status/813791867414278144 …
271	1	#Demonetization :P http://fb.me/13dbA9yRL 
272	1	@OfficeOfRG साथ ही ट्विंकल - ट्विंकल भी ट्विट करिये सारा देश जानना चाहता है की आपको याद है कि नहीं :) #DeMonetisation @sambitswaraj
273	1	@AnupamPkher Sir, is this related to #DeMonetisation :) @ajaymaken @INCIndia @OfficeOfRG
274	1	Pink is the new black :P #demonetization
275	1	#demonetization effect Baby Investors turned into Day Traders/ Index traders Reason Uncertanity FEAR +Low Capital ,,:),
276	1	बहुत ही अकलमंद :D #MoneyLaunderers #Demonetization http://fb.me/5dpjq7yZh 
277	1	Must be Modi's conspiracy to show #DeMonetisation is a success :P https://twitter.com/nanditathhakur/status/814532339325751296 …
278	1	MONEY MAKES MAN MAD. :) #DeMonetisation
279	1	Me and my resolution for 2017..:P #PartyTohBantiHai #Sherlockreturns #NamoBestPMOfIndia hope #DeMonetisation helps pic.twitter.com/MOLkzidzo8
280	1	Chacha-Bhatija are back in news !! Life seems to be coming back on track after #demonetization. :-)
281	1	@bharat_builder if this is the best defense @PawanDurani has, #DeMonetisation has filed miserably :)
282	1	Sharp decline in PM's popularity frm 99% as reported in his poll after #demonetization to 57% in @chetan_bhagat poll with same voters. :)
283	1	Damn no surprise address to the nation this time, fixed already;whata thrilling night tht was followed by volley of #DeMonetisation jokes :D
284	1	@timesofindia Funds spent on #advertising & luring announcements by @arunjaitley before Budget Session proves Failure of #DeMonetisation :P
285	1	@KapilSibal If ppl are angry and against #DeMonetisation then why the hell Pappu making Halla-Gulla everyday about its negatives :)
286	1	Yes, when PM #Modi begins with 'Mitron' ..ugh.. the fear you can see in their eyes :) #Demonetization https://twitter.com/India_Policy/status/814402679673737216 …
287	1	From I promise to pay the bearer to I promise to arrest the bearer All it took was 50 days..... #DeMonetisation word of the year :)
288	1	Now I know @saikatd was taking lot of pics of ATMS in all these weeks angst #DeMonetisation :-) https://twitter.com/imAbhishek_J/status/814349283688378368 …
289	1	SURVIVING #DEMONETISATION: This SatishAcharya #cartoon is hilarious, but apt :)pic.twitter.com/Qgb38U8aYA
290	1	@arroworks @Moskvaa Memory fresh nahin hain.. Paisa purana hain #DeMonetisation :D @capt_amarinder
291	1	Do hell with Modi Ji :) #GoodGovernanceDay #DemonetizationBenefits #ModiBhakts #PMModi #ModiJiOnAajTak #DeMonetisation #BJPpic.twitter.com/ANxa3aH464
292	1	@simpleharish Either ways consumption will go up! More pain rona or mast hoke sona :) #DeMonetisation
293	1	#NewYearEve: (fade screen to black) Mitron... *cue this track*-> https://www.youtube.com/watch?v=sX7hFKjm_n4 … :D Imba troll! #Modi #Demonetisation #Deadline
294	1	@AdvancedMaushi @punamChoudhar12 @MplusJain @_prejudiced Thank God, Liberals didn't say, this all because of #DeMonetisation :p
295	1	Demonetization effect : 1 of the friends disappointed & hit the no cash atm.. Jailed :D #DeMonetisation #NoteBandi.
296	1	Seeing coffee for the first time..:P #DeMonetisation #DarkAndExotic #KuchDinpic.twitter.com/bXGzAGWLWJ
297	1	.@ANI_news How this come.? #DeMonetisation has broken the backs of terrorists, right.? :P
298	1	#31Dec #Party 7:30-8Pm ke pahele Kar lena bhai log :-) #Lol #Modi #India #Noteban #DeMonetisation :-) https://twitter.com/CNBCTV18Live/status/814345350609850370 …
299	1	In Shivpuri, MP farmers' innovative way- sleeping at night at banks branches. Will govt arrange some refreshment 4 them? #DeMonetisation :))
300	1	Day 51 of #DeMonetisation : 'Modi Ji ' रोते हुए - मित्रो मुझे थोड़ा और समय देदीजिए :D Public: #AjaModiChowkPe
301	1	Absurd reasons given by @EconomicTimes Editors nt to penalize ppl for holding old notes. One of them : Game of Monopoly :) #DeMonetisation pic.twitter.com/5c0ZvnQSJ0
0	-1	1st visit to ATM post #Demonetization. This is the crowd at 2 AM. Banking system has failed Karmyogi @narendramodi ji badly. :(pic.twitter.com/ueF1qF7PHb
1	-1	Another heartbreaking picture from Hyderabad. This old lady was trying to withdraw her old-age pension of but no cash :( #Demonetisation pic.twitter.com/CIrAATG3sJ
2	-1	Yet to get hold of Rs 500 new note. ATMs have 2k notes only :( #demonetization
3	-1	@YRDeshmukh @narendramodi ji, this would be a shocking move if true! #DeMonetisation process will lose all the good-will it has earned :(
4	-1	http://m.hindustantimes.com/india-news/demonetisation-woes-ht-s-photo-of-old-man-crying-in-a-bank-touches-a-raw-nerve/story-lWft5KIHyDEjZpVnrx9SiI.html … #demonetization @PMOIndia @htTweets he might hve starved bcoz of no money nd god knows how many such others :(
5	-1	Enough of it! :( #DeMonetisation #DemonetizationDisaster #helloHell
6	-1	Ordered burgers from McD. Gave 2k note. Got change in Rs 10/- notes ! My wallet is so fat now.. :-( #demonetization
7	-1	This is #Demonetisation :-( http://fb.me/8gzWHmxzu 
8	-1	:( .. are there any positive articles on #Demonetisation at all ? Or is it high time we accepted this was a disaster and move on ? :/ https://twitter.com/IndiaSpend/status/809934892377186304 …
9	-1	Banks prefer to supply cash via branches than ATMs as they want to serve their own rich customers and cheat :( #DeMonetisation #BlackMoney
10	-1	Another real #DeMonetisation death :( @journalistHari @pendown @pramod_TNIEhttp://www.marunadanmalayali.com/news/special-report/kadakampalli-bank-staff-found-dead-61474 …
11	-1	#farmers have worked2see,we have food on our tables! 2day #Demonetisation has left 1000s of them with no crop, job,cash & many starving :(
12	-1	@VishalDadlani Country is run & ruled by politicians. V R just ignorant blackmoneyfull voters. #DeMonetisation We don't have any right :( https://twitter.com/VishalDadlani/status/810926649709563904 …
13	-1	My learned friends still believe that #demonetisation a failure because of wrong decision. Corrupts have ensured all possible tactics :( https://twitter.com/aajtak/status/810713918356062208 …
14	-1	मित्रोंऽऽऽऽ म्हणताना रो शब्दावर जोर का द्यायचे ते आता कळतंय #Demonetisation :(
15	-1	#DeMonetisation hit me harder today when #Paytm servers went down. :(
16	-1	Unable to add money in @Paytm now. Stuck at a shop :( #DeMonetisation
17	-1	Yes.. coz black Mein Daaru bechne wale don't take cards :( #DeMonetisation #NarendraModi #CashlessEconomyhttps://twitter.com/beastoftraal/status/811068913567969280 …
18	-1	@Bodhisatvaa Indian banking sector is corrupt to the core. So it was expected. Strangely not one politicians nabbed post #DeMonetisation :(
19	-1	@friendscongress WORST thing is wth the likes of ths crafty duo...they will find a way2make #DeMonetisation work :( EVEN tho its agnst peeps
20	-1	Rightly said @magicbricksNOW India in the way to less-cash economy!! #Demonetisation Many have less cash or no-cash, lakhs lost jobs :(
21	-1	#DeMonetisation Any idea...when is the RBI and Banks are cutting lending rates ? Home loan, personal loan, business loans etc still same :(
22	-1	#DeMonetisation Trying to use @Paytm on @Uber_India Failed to retrieve credit balance message. Support not helping :-( Reinstall no use:-(
23	-1	Sad news of People elected to serve their own, doing this money laundering biz. http://www.ironyofindia.com/2016/12/bjp-leader-raided-by-i-t-department-unearthed-biggest-blackmoney-laundry-racket/ … :-( #Demonetisation #BlackMoney
24	-1	at this point #DeMonetisation is becoming pointless :( https://twitter.com/vikramchandra/status/811484000506105856 …
25	-1	@ZeeNews @girikesavan but it is a show of solidarity with the aam aadmi (party) affected by #DeMonetisation :( :)
26	-1	Been searching for 100 rupee notes to pay maid's salary and maam coolly asks for 2000 ones saying what's the fuss? :( :( #DeMonetisation
27	-1	@jimmy9_girl @scotchism Most indians turned Pakis when PM revealed those against #DeMonetisation are Pakis :(
28	-1	#demonetization RBI...flip-flops, lending rate to kum karva do. Ab to 50 din ko sirf 6 din baaki hain :(
29	-1	I mugged dialogues from films when I went to deposit $ esp. this, but nobody asked me anything :( #DeMonetisation https://www.youtube.com/watch?v=jKI0IJY5jp8 …
30	-1	ohh! Thts so sad :( #DEMONetisation strikes in all directions. Who cares if it will all b good LATER? Wht about those who wont recover NOW ? https://twitter.com/_kunal_pradhan/status/811761855605579777 …
31	-1	Fucking digital India #agitated without #money :-( #DeMonetisation
32	-1	New York Times ने #DeMonetisation को बताया आत्मघाती !! भारत की साख की विदेशों में उड़ी धज्जियां :( pic.twitter.com/oyKKhX7D8v
33	-1	#DeMonetisation Bought vegetables at Rs10/- per.kg Worrying part, how much are the vendors paying to farmers ??? :(
34	-1	Mera number kab aayega :-( #DeMonetisation
35	-1	This is insane :( #DeMonetisation #AxisBank #500 #1000https://twitter.com/bolshoybooze/status/809377184498536448 …
36	-1	Hey, @TataCompanies. Your own internal nonsense is what has hit your companies worse. #DeMonetisation will pass. Your selfgoal won't :( https://twitter.com/moneycontrolcom/status/813760058659999744 …
37	-1	Waste Godown (next to home) is handled by a new relative now. Sister was to take cash & keep if any biz was done #DeMonetisation spoilt :-(
38	-1	I'm not a greedy grandson (Ed-Of course not !) but citing #DeMonetisation, my Gran gave me only Rs. 100. Sad :( https://twitter.com/ggmarquez/status/813688618539593728 …
39	-1	RT AAPforINDIA: आजादी के 70 साल बाद भी परिवार भूखा सो रहा है, और राजा हर घँटे कपड़े बदल रहा है :( #DeMonetisation pic.twitter.com/DtQ05s6oC3
40	-1	@ettirankandath polls outcome will surely be linked to #demonetisation whether one likes it or not :-(
41	-1	Maths subject in Bcom : ( Thank god he is not the education minister of #AndhraPradesh. #whatsappfwd @JaiTDP #vijayawada #DeMonetisation pic.twitter.com/sOhJiuy1bY
42	-1	#demonetization hits half century. Still honest and hardworking Indians continues to stand in queue for thier own money @narendramodi :(
43	-1	இப்ப இதைப்படிச்சா சுவத்துல முட்டிக்கணும்போல இருக்கு :-( #DeMonetisation https://twitter.com/_EnCounter/status/796055790196953088 …
44	-1	രണ്ടീസം കൂടിയേ ബാക്കിയുള്ളൂ... പാവല്ലേ...? :( #Current_affairs #modi #thallal #Demonetization Credit : Rijo... http://fb.me/2EJ3K5RVL 
45	-1	PM Modi's #DeMonetization reminded of the fiat in 1972 of Ugandan dictator, Idi Amin that all Asians should quit Uganda within 3 months :-( https://twitter.com/ttindia/status/813932219135688704 …
46	-1	Huge fine for people holding old notes after 30th Dec! There go my plans for using them for #monopoly money :( #DeMonetisation
